"TokenID","Valid"
"0be08957-679b-4100-a24f-b9141d7c6d86","true"
"0e9cffd4-77cd-4a59-90fa-d0c4d0dc7bd4","true"
"b69069c0-044a-4227-9b1e-3896a3d87b2a","true"
"e6105b03-5d5e-4c41-bd17-750825b8e8ce","true"
"DUlfY2","true"
"c9105483-1deb-4bf0-9863-04de497ef433","true"
"j8M2fo","true"
"f702f484-e7bf-4480-ad7a-08d87fbc27fb","true"
"86a62460-3472-487a-ba40-08fa5d29a2ec","true"
"qXRAL1","true"
"9hzxtN","true"
"e886bf0d-d5bf-442f-940e-81119c0543b6","true"
"76bb378b-b2ea-4d39-ab26-c16c03472c99","true"
"ab35d8f9-c3b6-4e29-889f-78b8c4a3a633","true"
"5476342c-6ea6-4410-84b1-4cd120c2625f","true"
"280ab74b-da09-4bb4-baab-2d32d9d74e4d","true"
"1bda5031-a04d-47f0-aec6-a4408087b54e","true"
"ovvOWV","true"
"d0f9828e-5f92-446f-8e68-a8b0af2a2ae5","true"
"3a619a07-4615-4e7a-8655-112bb4aeeb77","true"
"def0c272-0dd8-4f8c-8536-6417e5fd6311","true"
"2303651a-e50b-4979-88f0-afd5cc96af14","true"
"PThEV6","true"
"51f828b4-06e2-4205-965a-b1d623f6f6b2","true"
"97ef4a26-a9ad-4cad-804f-9176167e9b3f","true"
"0fdaaf3d-b1c2-4883-b289-a6f7a10b02c7","true"
"1b42b1d9-aa14-4d38-aa33-735c0b31e756","true"
"47d69226-2c0d-43ae-8fd2-3fd2588fd720","true"
"95dc3251-df9d-4eed-8fef-3a46dc9a4310","true"
"92e5c892-fc8a-4aaa-bdfa-ffd8dfb736fb","true"
"2ab1b84a-ffb2-4abb-9937-caea5d9b338a","true"
"77fdfe56-2f8f-4fb7-bda5-e86dd0905f5e","true"
"777d1922-d065-4a2f-94d8-0ec61798ba92","true"
"d39d72d3-aaba-4122-8c7b-b00ddd1dafcf","true"